{
    "dt": 0.1,
    "arm_action": [
        [
            0.15237519145011902,
            0.007993199862539768,
            -0.000503385323099792,
            -0.38261908292770386,
            0.0002614097611512989,
            0.00041415772284381097,
            -0.0018746014684438705,
            0.15097898244857788,
            -0.0022752820514142513,
            -0.002169962739571929,
            -0.37994962930679327,
            0.0004986069980077446,
            0.003025790909305215,
            0.0015548139344900846
        ],
        [
            0.1528643116855285,
            0.008532979289799816,
            -0.000527390305574705,
            -0.3838282361410537,
            0.00015185426645524024,
            -0.00014020393576490145,
            -0.0012916970499135055,
            0.15149127156250144,
            -0.002758539621000684,
            -0.0021120821201542194,
            -0.38115728606224125,
            0.0002332889831930865,
            0.00354384790339603,
            0.002140358315214013
        ],
        [
            0.1589335662419034,
            0.019715339408798813,
            6.703491735697818e-05,
            -0.40440377771498365,
            0.0030471707318893665,
            -0.008153018651772094,
            -0.004796273650930111,
            0.15747110452084617,
            -0.013594764431067106,
            -0.002348984743634892,
            -0.40175607612224534,
            -0.0025161151394809222,
            0.011324190383421447,
            -0.0013729919325734057
        ],
        [
            0.1748333390379762,
            0.05305522721106344,
            0.006110966083190629,
            -0.4564120763252767,
            0.008606045645167763,
            -0.026778294340753347,
            -0.027956810935913734,
            0.17327295895646433,
            -0.04703390900947208,
            -0.007972930755206406,
            -0.4538686260861724,
            -0.007871935368324657,
            0.02983638201314475,
            -0.024510165866209074
        ],
        [
            0.20719595926050383,
            0.10323076693231853,
            0.021802714667540024,
            -0.5357271664786812,
            0.02080003670116947,
            -0.05768721855716731,
            -0.055844850586668146,
            0.20559347982326337,
            -0.09756207589893502,
            -0.023260171625994707,
            -0.5334808818257728,
            -0.01992708836008889,
            0.0607697850391719,
            -0.052294464924712104
        ],
        [
            0.2563375357104429,
            0.1743788358289865,
            0.05613531630989613,
            -0.641963897927274,
            0.04444465362108284,
            -0.10461623893766786,
            -0.08910887535519839,
            0.2547576599093862,
            -0.16925208508908535,
            -0.05724420499387559,
            -0.640293755594425,
            -0.043512279479560045,
            0.10777751051811835,
            -0.08536324417110953
        ],
        [
            0.31849966623102544,
            0.26125998555118296,
            0.11583130291301415,
            -0.7607730122179002,
            0.08240252348638342,
            -0.16884532784033168,
            -0.12845774756562403,
            0.31694436333709497,
            -0.25683095218176255,
            -0.11671559720957174,
            -0.759759514153763,
            -0.08153675191348837,
            0.17212717090243793,
            -0.12453289095680938
        ],
        [
            0.3879794061886036,
            0.3559624786515324,
            0.20347826954033277,
            -0.875663021399339,
            0.13466488448863298,
            -0.24926060497469812,
            -0.17406860653852732,
            0.38630624347356907,
            -0.35247188950469355,
            -0.204291827404552,
            -0.8749871426313992,
            -0.13399477288924536,
            0.25273988136677633,
            -0.17012995491705826
        ],
        [
            0.4583580189633491,
            0.4488361126607913,
            0.31464007633745195,
            -0.9721937828626337,
            0.19797111686635083,
            -0.3414837640711383,
            -0.2242853151208398,
            0.45659197600508117,
            -0.4462846945622423,
            -0.31551377548244575,
            -0.9716690825923484,
            -0.1975299124961001,
            0.34503185113095,
            -0.2204544803635029
        ],
        [
            0.5242188381972266,
            0.5324784664874525,
            0.4415435976794228,
            -1.0429508918456258,
            0.26800526322364754,
            -0.44023974617770056,
            -0.27762585382264326,
            0.5224358530573562,
            -0.5307087254921506,
            -0.4425443424024625,
            -1.0424093374172796,
            -0.267739704873839,
            0.4436702672217817,
            -0.27404154979647244
        ],
        [
            0.5829566662308476,
            0.5974404090675924,
            0.569946641491692,
            -1.0889104738269435,
            0.33852999347889073,
            -0.5380314114632507,
            -0.3299114234183088,
            0.5811496390146321,
            -0.5963423127528279,
            -0.5710774738978623,
            -1.0879141810755901,
            -0.33830230374578185,
            0.5412113337538416,
            -0.3267625565013704
        ],
        [
            0.6326391770057587,
            0.6398371626198979,
            0.6925879034827931,
            -1.118006813008041,
            0.4067252191761628,
            -0.6307726443028654,
            -0.3818393557973344,
            0.6308371714911892,
            -0.6392269910333217,
            -0.6938592511371259,
            -1.1165095773956526,
            -0.40640192561745536,
            0.6335613111947039,
            -0.3792214181605963
        ],
        [
            0.6785948846855624,
            0.6590195205223374,
            0.7961190109253028,
            -1.1377598340780675,
            0.4667162249165911,
            -0.7149743674000354,
            -0.4231610551041913,
            0.6768237003725992,
            -0.6587040726302776,
            -0.7974758709260571,
            -1.1358760167510173,
            -0.4662484734097571,
            0.7173730268272582,
            -0.42105373381747374
        ],
        [
            0.7252747687536131,
            0.6637793617559148,
            0.8754563712601557,
            -1.1567846317072978,
            0.5171448260571982,
            -0.7877712632806966,
            -0.4445430817580764,
            0.7234798169423319,
            -0.6636852019899042,
            -0.8767328670252083,
            -1.1545300064141333,
            -0.5165423312430195,
            0.789926419426071,
            -0.4428579016408494
        ],
        [
            0.7711130273349686,
            0.6563059924677234,
            0.9373649432538143,
            -1.1901156787118417,
            0.5673470370081248,
            -0.8487716676543597,
            -0.45101351622096647,
            0.7691979455349257,
            -0.6564837168048049,
            -0.9384427621578768,
            -1.1876280109153243,
            -0.5666749474500659,
            0.8508036160302154,
            -0.44963872925149223
        ],
        [
            0.8165918060990648,
            0.6380117467477258,
            0.9857934556781394,
            -1.2437993604747466,
            0.6214897693404094,
            -0.8952504844771367,
            -0.4456083572104583,
            0.8144559971122041,
            -0.6385543129084031,
            -0.9865781416439151,
            -1.2409214355673515,
            -0.6207825678977454,
            0.8972441738825071,
            -0.4444566791787235
        ],
        [
            0.8624020869579463,
            0.6097378356646754,
            1.022695362265617,
            -1.3238579440419855,
            0.6823834067161891,
