{
    "dt": 0.1,
    "arm_action": [
        [
            -0.13108279410748547, 
            0.8129094913924698, 
            -0.24350018506614143, 
            -2.417029590409915, 
            1.3373353902132268, 
            0.40744714341534344, 
            0.9697406158372316,
            -0.13080062822719687, 
            -0.8167237074915805, 
            0.2473180179648636, 
            -2.410544954816824,
            -1.3350419244819163,
            -0.40477685656131995, 
            0.9716470019773075
        ]
    ]
}